https://matteocurcio.com/	page
https://matteocurcio.com/about	page
https://matteocurcio.com/blog	post
https://matteocurcio.com/capture-craft-workshop	post
https://matteocurcio.com/category/blog	category
https://matteocurcio.com/category/feature	category
https://matteocurcio.com/category/immersive-media	category
https://matteocurcio.com/category/online	category
https://matteocurcio.com/category/original-music	category
https://matteocurcio.com/category/photography	category
https://matteocurcio.com/category/presentation-design	category
https://matteocurcio.com/category/reels	category
https://matteocurcio.com/category/reels-color	category
https://matteocurcio.com/category/reels-events	category
https://matteocurcio.com/category/tvc	category
https://matteocurcio.com/digital-literacy-and-content-creation-interview	post
https://matteocurcio.com/faq	page
https://matteocurcio.com/footer/footer-duplicate	footer
https://matteocurcio.com/from-wd-ex2-ultra-to-qnap-migrating-a-plex-media-library-the-hard-way-and-surviving-it	post
https://matteocurcio.com/motion	page
https://matteocurcio.com/photography	page
https://matteocurcio.com/post-haste-for-mac-a-must-have-tool-for-organizing-creative-projects	post
https://matteocurcio.com/reels	page
https://matteocurcio.com/resolve-transcript-cleaner-python	post
https://matteocurcio.com/semplice_folder/motion-oracle	semplice_folder
https://matteocurcio.com/semplice_folder/work-renault-zoe-reveal	semplice_folder
https://matteocurcio.com/semplice_folder/work-white-papers	semplice_folder
https://matteocurcio.com/semplice_folder/works-oracle	semplice_folder
https://matteocurcio.com/tag/automation	post_tag
https://matteocurcio.com/tag/creative-workflow	post_tag
https://matteocurcio.com/tag/davinci-resolve	post_tag
https://matteocurcio.com/tag/digital-rebellion-post-haste	post_tag
https://matteocurcio.com/tag/filmmaking-tools	post_tag
https://matteocurcio.com/tag/interview-transcription	post_tag
https://matteocurcio.com/tag/mac-folder-structure-tool	post_tag
https://matteocurcio.com/tag/open-source-tools	post_tag
https://matteocurcio.com/tag/organize-video-editing-projects	post_tag
https://matteocurcio.com/tag/post-haste-mac	post_tag
https://matteocurcio.com/tag/post-production-organization	post_tag
https://matteocurcio.com/tag/post-production-workflow	post_tag
https://matteocurcio.com/tag/project-folder-templates-mac	post_tag
https://matteocurcio.com/tag/project-templates-for-creatives	post_tag
https://matteocurcio.com/tag/python	post_tag
https://matteocurcio.com/tag/python-script	post_tag
https://matteocurcio.com/tag/resolve-transcription	post_tag
https://matteocurcio.com/tag/subtitles-captions	post_tag
https://matteocurcio.com/tag/text-processing	post_tag
https://matteocurcio.com/tag/transcript-cleanup	post_tag
https://matteocurcio.com/tag/video-editing	post_tag
https://matteocurcio.com/tag/video-editing-folder-structure	post_tag
https://matteocurcio.com/tag/video-production-workflow-tools	post_tag
https://matteocurcio.com/work/2xu	project
https://matteocurcio.com/work/a-gentle-giant	project
https://matteocurcio.com/work/advertising	project
https://matteocurcio.com/work/amp	project
https://matteocurcio.com/work/ar	project
https://matteocurcio.com/work/audi-untaggable	project
https://matteocurcio.com/work/be-on-it-ent	project
https://matteocurcio.com/work/cornello	project
https://matteocurcio.com/work/cowra	project
https://matteocurcio.com/work/denton-pillows	project
https://matteocurcio.com/work/dms17-cadillac	project
https://matteocurcio.com/work/dms17-gmc	project
https://matteocurcio.com/work/doodle-bears	project
https://matteocurcio.com/work/dora-the-explorer	project
https://matteocurcio.com/work/drive	project
https://matteocurcio.com/work/dubai-business-events	project
https://matteocurcio.com/work/dubai-flea-market	project
https://matteocurcio.com/work/dubai-master-business-presentation	project
https://matteocurcio.com/work/ecco-safety	project
https://matteocurcio.com/work/expo-2020-global-media-briefing	project
https://matteocurcio.com/work/expo-2020-iptm18	project
https://matteocurcio.com/work/expo-2020-iptm19	project
https://matteocurcio.com/work/expo-2020-story	project
https://matteocurcio.com/work/fashion-photography	project
https://matteocurcio.com/work/find-your-place	project
https://matteocurcio.com/work/football-christmas	project
https://matteocurcio.com/work/ginfusion	project
https://matteocurcio.com/work/gitex-vr	project
https://matteocurcio.com/work/ikea	project
https://matteocurcio.com/work/ikea-temporary-store-duplicate	project
https://matteocurcio.com/work/irwin-fran	project
https://matteocurcio.com/work/jetstar-airport-services	project
https://matteocurcio.com/work/kakadu-complex	project
https://matteocurcio.com/work/kikkoman	project
https://matteocurcio.com/work/la-grande-bellezza	project
https://matteocurcio.com/work/madebox	project
https://matteocurcio.com/work/merrie-melodies	project
https://matteocurcio.com/work/motorone	project
https://matteocurcio.com/work/moveactive	project
https://matteocurcio.com/work/mrajeeb-al-fhood	project
https://matteocurcio.com/work/national-hero	project
https://matteocurcio.com/work/patterns	project
https://matteocurcio.com/work/rasta-man-vibration	project
https://matteocurcio.com/work/refreshed	project
https://matteocurcio.com/work/renault-zoe	project
https://matteocurcio.com/work/rumbalara	project
https://matteocurcio.com/work/show-dont-tell	project
https://matteocurcio.com/work/showreel	project
https://matteocurcio.com/work/spring-party	project
https://matteocurcio.com/work/tradie	project
https://matteocurcio.com/work/uae-year-of-reading	project
https://matteocurcio.com/work/ultramarine	project
https://matteocurcio.com/work/victorian-queens	project
https://matteocurcio.com/work/video-games-advertising	project
https://matteocurcio.com/work/welcome-to-sharjah	project
https://matteocurcio.com/work/yamaha	project
